,상품 이름,판매 가격,상품 설명,이미지
0,램버트케이 후레쉬앤크린 오트밀&베이킹소다 샴푸 533ml,"10,500원","램버트케이 후레쉬앤크린 오트밀&베이킹소다 샴푸는 램버트케이에서 가장 사랑받는 제품으로, 알로에 베라와 오트밀 앤 베이킹소다 성분이 함유되어 부드럽고, 피부에 자극이 적으며, 신선하고 은은한 향기가 오래도록 지속됩니다. 강아지에게 풍부한 향기와 고급스러운 윤기를 지속해주는 제품입니다. 반려동물의 털에 따뜻한 물로 적신 후 샴푸로 강아지의 등에 거품을 내줍니다. 안쪽도 마찬가지로 씻어주고, 필요하다면 한번 더 해도 됩니다. 물로 깨끗이 씻어준 후 마지막으로 린스를 사용해주면 더욱 좋습니다. 수입상품 특성상 패키지 및 스티커가 이미지와 일부 다를수 있으나, 동일한 성분의 동일 제품이니 구매에 참고 부탁드립니다. 샴푸 전에 엉킨 털을 풀어주세요. 미온수로 모발을 충분히 적신 후에 본체 적당량을 바르고 마사지하듯 비벼 거품을 내세요. 샴푸 후에는 미지근한 물로 충분히 헹구어 주시고, 필요시 린스를 사용하시면 더욱 부드러운 모질을 유지하실 수 있습니다. 사용 후 충분히 헹구지 않으면 피부병의 원인이 될 수도 있습니다.",http://img.dogpre.com/web/dogpre/product/4/3316_detail_01465692.jpg
1,브리더 샴푸&린스 1000ml,"9,500원","뉴 브리더 샴푸&린스는 샴푸와 린스를 동시에 사용하실수 있으시며, 비듬방지제 식물성 오일 옥토피록스, 천연아미노산등이 첨가되어 피부의 가려움을 예방해 줍니다. 애완견의 털을 부드럽고 윤기있게 가꾸어 주고 정전기 방지 및 컨디셔닝 효과 로 엉킴이 방지되는 다기능 샴푸겸용린스입니다. 1100ml에서 1000ml 펌프형식의 패키지로 변경되었습니다. 이미지와 동일한 상품입니다.",http://img.dogpre.com/web/dogpre/product/10/9497_detail_01542264.jpg
2,부들부들 에코랜드 제너럴 샴푸&린스 500g,"5,900원","부들부들 에코랜드 제너럴 샴푸 린스는 어린 강아지에서부터 성견까지 모든 애견에게 부담 없이 사용하실 수 있는 샴푸&린스 겸용제품입니다. 프랑스 에코서트 기관에서 인증한 유기농 원료인 녹차 추출물과 로즈마리 추출물이 함유되어 있어 가장 마일드 하면서도 풍부한 모이스쳐와 깨끗한 세정력을 갖춘 뛰어난 제품으로, 호호바오일과 아이비추출물이 함유되어 탁월한 윤기 있는 모발을 경험하실 수 있으며 은은한 잔향의 정도가 견모 깊숙이 자리잡아 오랫동안 좋은 향이 지속 됩니다. 미온수를 덜어 충분히 적신 후 풍부한 양의 샴푸를 바르고 털의 구석까지 잘 손질한 후 거품이 완전히 없어질 때까지 충분히 헹구어 줍니다. 본 상품에는 CMIT (메칠클로로이소치아졸리논), MIT (메칠이소치아졸리논) 성분이 총 0.0008% 함유되었으며, 국내법규 허용 기준 함유량인 0.0015%를 초과하지 않습니다.",http://img.dogpre.com/web/dogpre/product/13/12781_detail_01535550.jpg
3,하이포닉 저자극샴푸 전견용 500ml,"28,000원",하이포닉 샴푸는 100% 자연유래세정성분으로 만든 저자극 샴푸입니다. 유해 화학성분을 제거하고 EWG 스킨딥 안전등급 성분으로 제조하였으며 서울대와 공동 연구하여 피부와 안점막 저자극성을 확인하였습니다. 모든 강아지가 사용할 수 있는 마일드 포물러 제품입니다.,http://img.dogpre.com/web/dogpre/product/42/41963_detail_01484515.jpg
4,쏘아베 약용샴푸 비듬&피부질환방지 500ml,"5,000원","쏘아베 샴푸는 순수 자연세정분을 과학적인 방법으로 제조하여 애완동물의 피모에 위생과 영양과 보습력이 탁월한 애견전용 샴푸입니다. 피부염, 습진방지효과, 피부진정, 민감함 피부개선, 해독습진, 살균작용, 항산화작용, 독성제거, 소염, 자극완화, 상처치유 촉진, 항알러지 작용을 하는 감초추출물, 알카로이드와 플라보노이드 혼합물이 다량 함유되어 항균, 항염작용, 피부염이나 알러지에 대한 피부보호작용을 하는 고삼추출물, 보습성이 우수하여 피부와 털에 유연성과 탄력성을 유지하는 네츄럴베타인이 함유된 좋은 샴푸 입니다.",http://img.dogpre.com/web/dogpre/product/14/13679_detail_01325064.jpg
5,하이포닉 저자극샴푸 백모용 500ml,"28,000원","하이포닉 샴푸는 100% 자연유래세정성분으로 만든 저자극 샴푸입니다. 유해 화학성분을 제거하고 EWG 스킨딥 안전등급 성분으로 제조하였으며 서울대와 공동 연구하여 피부와 안점막 저자극성을 확인하였습니다. 자외선차단, 미백성분이 강화된 흰색강아지용 제품입니다.",http://img.dogpre.com/web/dogpre/product/42/41969_detail_01366086.jpg
6,램버트케이 후레쉬앤크린 오트밀&베이킹소다 컨디셔너 533ml,"10,500원","램버트케이 후레쉬앤크린 오트밀 베이킹소다 컨디셔너는 램버트케이에서 신상품으로 출시된 상품으로, 알로에 베라와 오트밀 앤 베이킹소다 성분이 함유되어 부드럽고, 피부에 자극이 적으며, 신선하고 은은한 향기가 오래도록 지속됩니다. 향이 독하지 않아 순하게 사용하실 수 있습니다. 사용방법은 물에 7배 희석하여 털에 부은후 세척하거나, 털의 부드러움을 더하기 위해서는 세척하지 않고 수건으로 말립니다. 엉킨털에는 본제품을 묻힌 후 빗질하면, 부드러운 피모를 느끼실 수 있습니다. 수입상품 특성상 패키지 및 스티커가 이미지와 일부 다를수 있으나, 동일한 성분의 동일 제품이니 구매에 참고 부탁드립니다.",http://img.dogpre.com/web/dogpre/product/7/6587_detail_4909.jpg
7,구루머스 약용샴푸 400ml,"4,500원","구루머스 약용샴푸는 약건성, 가려움증, 비듬이 있는 애견들과 진드기 등 보다 철저한 청결유지가 필요한 애견들을 위한 제품입니다. 부드러운 세정효과를 가진 천연 세정성분과 모발 건강을 위한 은행잎 추출물, DL-판테놀을 비롯한 각종 비타민류가 보강되었으며, 실리콘폴리머가 함유되어 있어 피모 손상을 막아줍니다. 또한, 알란토닌 성분은 치료, 진정 작용이 있는 식물성 추출물로서 손상된 피부에 효과적입니다. 프랑스 그라스 지방이 산지인 향을 주 향으로 첨가하여 향이 고급스러우며, 그린티향의 보조향은 기존의 향을 더 부드럽고 오래 지속 하게하는 효과가 있어, 기존의 향과 다른 향의 효과를 느끼실 수 있습니다. 제품의 잔여량 확인이 쉬운 400ml 투명용기에 펌프 타입으로 제조되어 사용하기에도 편리합니다. 본 상품에는 CMIT (메칠클로로이소치아졸리논), MIT (메칠이소치아졸리논) 성분이 총 0.00105% 함유되었으며, 국내법규 허용 기준 함유량인 0.0015%를 초과하지 않습니다.",http://img.dogpre.com/web/dogpre/product/4/3684_detail_2788.jpg
8,포켄스 말티즈전용 샴푸&린스 550ml,"7,500원","포켄스 말티즈전용 샴푸 린스는 하얗고 부드러운 말티즈를 위한 전용샴푸입니다. 애견의 피모와 건강에 좋지않은 형광증백제, 표백제를 사용하지 않았습니다. 하얀 털을 더욱 선명하고 빛나게 만들어주며, 하얀 털 관리를 위해 깨끗하게 세정하고 린스까지 한번에 해결하여 피모를 부드럽고 건강하게 만들어 줍니다. 수용성 실크와 풍성한 부드러움을 직접 확인하세요. 포켄스의 각종 샴푸의 주요기능의 원료외에 모든 샴푸에 첨가되어 있는 원료중 하나인 토코페롤은 스킨이나 크림과 같이 피부와 관련되는 제품에 많이 사용되며 세포막을 구성하고 있는 불포화지방산의 산화를 억제함으로써 대기오염으로부터 폐점막을 보호해주며 상처나 손상된 피부와 완화에 도움을 줍니다. 태양의 자외선을 차단하여 피부를 보호해주는 역할도 합니다. 각종 질환 치료시, 사용 전/후 붉은반점, 부어오름, 가려움증 등의 피부이상, 허약체질, 약 복용중, 생후 6주 미만, 노령 또는 임신 및 출산의 경우 수의사와 상담 후 지시에 따라 사용하세요. 눈에 들어가지 않도록 주의하며, 만약 눈에 들어갔을 경우에는 맑은 물로 씻어내십시오. 건조 시 드라이어를 한곳에 집중적으로 사용하지 마세요. 건조증, 화상의 원인이 됩니다. 샴푸 전에 엉킨 털을 풀어주세요. 미온수로 모발을 충분히 적신 후에 본체 적당량을 바르고 마사지하듯 비벼 거품을 내세요. 샴푸 후에는 미지근한 물로 충분히 헹구어 주십시오. 사용 후 충분히 헹구지 않으면 피부병의 원인이 될 수도 있습니다. 본 상품에는 CMIT (메칠클로로이소치아졸리논), MIT (메칠이소치아졸리논) 성분이 총 0.00058% 함유되었으며, 국내법규 허용 기준 함유량인 0.0015%를 초과하지 않습니다.",http://img.dogpre.com/web/dogpre/product/32/31520_detail_01323993.jpg
9,포켄스 푸들전용 샴푸&린스 550ml,"7,500원","포켄스 푸들전용 샴푸 린스는 건강하고 탱탱한 곱슬 모발의 푸들을 위한 전용 샴푸입니다. 잘 마르지 않는 곱슬 모발을 위하여 샴푸 후 모발이 빠르게 마를 수 있도록 처방하였습니다. 샴푸 중에도 엉키지 않는 촉촉하고 부드러운 거품목욕을 즐겨보세요 포켄스 각종 샴푸의 주요원료외에 모든 샴푸에 첨가되어 있는 원료중 하나인 토코페롤은 스킨이나 크림과 같이 피부와 관련되는 제품에 많이 사용되며 세포막을 구성하고 있는 불포화지방산의 산화를 억제함으로써 대기오염으로부터 폐점막을 보호해주며 상처나 손상된 피부의 완화에 도움을 줍니다. 태양의 자외선을 차단하여 피부를 보호해주는 역할도 합니다. 각종 질환 치료시, 사용 전/후 붉은반점, 부어오름, 가려움증 등의 피부이상, 허약체질, 약 복용중, 생후 6주 미만, 노령 또는 임신 및 출산의 경우 수의사와 상담 후 지시에 따라 사용하세요. 눈에 들어가지 않도록 주의하며, 만약 눈에 들어갔을 경우에는 맑은 물로 씻어내십시오. 건조 시 드라이어를 한곳에 집중적으로 사용하지 마세요. 건조증, 화상의 원인이 됩니다. 샴푸 전에 엉킨 털을 풀어주세요. 미온수로 모발을 충분히 적신 후에 본체 적당량을 바르고 마사지하듯 비벼 거품을 내세요. 샴푸 후에는 미지근한 물로 충분히 헹구어 주십시오. 사용 후 충분히 헹구지 않으면 피부병의 원인이 될 수도 있습니다. 본 상품에는 CMIT (메칠클로로이소치아졸리논), MIT (메칠이소치아졸리논) 성분이 총 0.00058% 함유되었으며, 국내법규 허용 기준 함유량인 0.0015%를 초과하지 않습니다.",http://img.dogpre.com/web/dogpre/product/32/31517_detail_7425.jpg
10,램버트케이 2in1 베이비파우더 센트 샴푸 533ml,"10,500원","램버트케이 2in1 베이비파우더 센트 샴푸는 미국 램버트케이사의 유명한 상품으로, 샴푸와 컨디셔너가 모두 포함된 멀티 2in1 제품입니다. 애견을 키우시는 분들이 가장 많이 접하는 상품 중 하나이며, 알로에 베라를 함유하여 피부와 모발을 부드럽게 해줍니다.  또한, 부드러운 베이비파우더향이 오랜 시간 지속되어 애견 본연의 냄새를 막아줍니다. 잦은 목욕은 피부병을 유발할 수 있으며, 제품이 눈이나 귀에 들어가지 않도록 주의해 주시기 바랍니다. 수입상품 특성상 패키지 및 스티커가 이미지와 일부 다를수 있으나, 동일한 성분의 동일 제품이니 구매에 참고 부탁드립니다. 샴푸 전에 엉킨 털을 풀어주세요. 미온수로 모발을 충분히 적신 후에 본체 적당량을 바르고 마사지하듯 비벼 거품을 내세요. 샴푸 후에는 미지근한 물로 충분히 헹구어 주십시오. 사용 후 충분히 헹구지 않으면 피부병의 원인이 될 수도 있습니다.",http://img.dogpre.com/web/dogpre/product/1/580_detail_01731509.jpg
11,버박 앨러밀 약용샴푸 알러지개선 200ml,"19,800원","버박 앨러밀 약용샴푸는 만성피부질환 및 음식알러지성 피부염과 선천적으로 또는 후천적으로 피부가 약한 아가들을 위한 알레르기성 피부를 위한 전용 샴푸입니다. 알레르기성 피부질환을위한 혁신적인 성분으로 피부질환에 많은 도움을 받아보실 수 있습니다. 피부 면역 반응과 염증을 제어(글라이코테크놀로지), 피부 보전을 강화하고, 표피장벽 기능을 지속시켜줌(피부 지질 복합체), 피부 생태계의 미생물 균형을 유지하면서, 미생물 증식을 제어(글라이코테크놀로지&피록톤올라민), 글라이코 테크놀로지는 미생물 부착 특히 포도상 구균과 녹농균, 말라세이지아균 등을 제한하며(부착방지효과) 또한, 피부에 염증이 일어나지 않도록 유지시켜줍니다(항염증효과). 피부 외용 전용제제이며, 동물에 한하여 사용해 주십시오. 눈과 눈 주위에는 사용하지 말고, 어린이의 손이 닿지 않는 곳에 보관해 주시기바랍니다.",http://img.dogpre.com/web/dogpre/product/57/56417_detail_01474865.jpg
12,아일오브독스 로얄젤리 샴푸 NO.20 1L,"49,600원","아일오브독스 로얄젤리 샴푸 NO.20은 단백질이 풍부한 로얄젤리로 털의 성장을 촉진시키고 손상된 모질을 복구하여 볼륨감을 배가 시키는 제품입니다. 볼륨업이 필요하거나 털빠짐이 심한 애견과 푸들, 포메라이언, 비숑프리제, 시베리안허스키, 골든리트리버, 그레이트피레니즈, 셔틀랜드쉽독에게 적합하며, 털갈이 중이나 탈모, 뭉치고 엉키는 털에 효과가 있고 숱 없고 힘없는 털을 풍성하게 가꿔줍니다. 아일오브독스는 최상급의 순수한 달맞이꽃 오일 원액과 로얄젤리를 사용하여 제조됩니다. 달맞이꽃 오일은 모유에만 들어있는 감마리놀렌산이 풍부하여 아토피, 알러지 등 면역계 질환을 예방하고 수분공급은 물론 피부를 보호하여 염증 및 트러블 완화에 도움을 줍니다. 로얄젤리는 자연에서 얻을 수 있는 가장 순수한 단백질로 재생을 촉진시키고 주요 비타민 및 미네랄이 풍부하게 함유되어 있습니다. 사과나무 꿀향으로, 뿌린 직후에는 후지사과 등 상쾌한향으로 시작하여 뿌린 후 1시간은 쟈스민, 백합의 꽃향기를 내며 1시간 이후로는 꿀, 샌달우드, 머스크향이 지속됩니다. 애견은 사람보다 약 200배 후각이 발달해 있어 향기에 예민하므로 강한 향기에 노출되면 불편해하고 심하면 건강에 위협을 받을 수 있습니다. 아일오브독스 제품은 이러한 특성을 고려하여 전문 향수 디자이너에 의뢰하여 애견의 후각에 영향을 주지 않으면서 은은한 향이 나도록 개발되었습니다. 원액을 10배 희석하여 5분 이상 충분히 마사지한 후 깨끗이 헹궈 주십시오. 연속하여 같은 양으로 한번 더 샴푸해 주시면 최상의 효과를 볼 수 있습니다. 제품 밑면에 있는 숫자 및 영문은 제조일자로 맨 앞에 숫자는 년, 두번째 영문은 월(A:1월, B:월 ~ L:12월), 세번째 숫자는 일자는 나타냅니다.",http://img.dogpre.com/web/dogpre/product/21/20801_detail_4065.jpg
13,하이포닉 워터리스 샴푸 190ml,"18,000원","하이포닉 워터리스 샴푸는 물을 사용하지 않는 간편한 워터리스 타입의 저자극 천연샴푸입니다. 유해 화학성분을 제거하고 EWG 스킨딥 안전등급 성분으로 제조하였으며 서울대와 공동 연구하여 피부와 안점막 저자극성을 확인하였습니다. 부드럽고 풍부하며 향긋한 거품으로 피모를 가볍게 맛사지한후 헹굼없이 부드럽게 말리며 닦아주면 됩니다. 블랙컬러에서 화이트컬러로 패키지가 변경되었으며, 내용물은 동일한 상품입니다.",http://img.dogpre.com/web/dogpre/product/46/45383_detail_01792188.jpg
14,부들부들 에코랜드 퍼피 샴푸&린스 500g,"5,900원","부들부들 에코랜드 제너럴 샴푸 린스는 피부가 약한 어린 강아지에게 부담 없이 마음껏 사용하실 수 있는 퍼피 전용 샴푸&린스 입니다. 프랑스 에코서트 기관에서 인증한 유기농 원료인 녹차 추출물과 로즈마리 추출물이 함유되어 있어 가장 마일드 하면서도 풍부한 모이스쳐와 깨끗한 세정력을 갖춘 뛰어난 제품으로, 포도씨오일, 그레이프프룻추출물, 글루콘산클로르헥시딘액이 함유되어 보다 탁월한 윤기 있는 모발이 가능하며, 은은한 잔향의 정도가 견모 깊숙이 자리잡아 오랫동안 좋은 향이 지속 됩니다. 본 상품에는 CMIT (메칠클로로이소치아졸리논), MIT (메칠이소치아졸리논) 성분이 총 0.0008% 함유되었으며, 국내법규 허용 기준 함유량인 0.0015%를 초과하지 않습니다.",http://img.dogpre.com/web/dogpre/product/13/12783_detail_01616569.jpg
15,뉴 브리더 말티즈 샴푸 360ml,"4,500원","뉴 브리더 말티즈샴푸는 하얀색의 모발을 가진 백모견 전용이며, 비타민E, 로즈마리 추출물이 첨가되어 말티즈 모발 특유의 건조함과 엉킴 또는 끊어짐등을 방지해줍니다. 또한, 불순물등으로 착색되어 있는 백모견의 모발을 더욱 희고 밝게 만들어 주며 코팅성분이 모발에 작용하여 영양을 공급해줌으로써 수분 밸런스를 조절하여 항상 아름답고 우아하며 차분하고 윤기있는 건강한 모발로 유지시켜 줍니다.",http://img.dogpre.com/web/dogpre/product/1/573_detail_01050087.jpg
16,하이포닉 저자극샴푸 볼류마이징 500ml,"28,000원",하이포닉 저자극샴푸 볼류마이징은 털의 볼륨기능이 강화된 기능성 샴푸로 100% 자연유래 세정성분으로 만든 저자극 샴푸입니다. 유해 화학성분을 제거하고 EWG 스킨딥 안전등급 성분으로 제조하였으며 서울대와 공동 연구하여 피부와 안점막 저자극성을 확인하였습니다.,http://img.dogpre.com/web/dogpre/product/46/45626_detail_01873563.jpg
17,포켄스 오트밀 샴푸 연약한 피부용 550ml,"7,500원","포켄스 오트밀 샴푸는 베타 글루켄이 풍부하게 함유된 독일산 오트피버(귀리 식이섬유)16,500mg과 오트밀 영양성분 추출물, 식물성글리세린, 비타민E 등이 첨가되어 애완동물의 가렵고 민감한 피부를 진정시키고 보호하는데 도움을 주는 제품입니다. 무실리콘 처방으로 자극을 최소화 하였으며, 세정과 헹굼을 빠르게 하여 목욕을 싫어하는 어린강아지들의 스트레스를 최소화 할 수 있도록 하였습니다. 포켄스의 각종 샴푸의 주요기능의 원료외에 모든 샴푸에 첨가되어 있는 원료중 하나인 토코페롤은 스킨이나 크림과 같이 피부와 관련되는 제품에 많이 사용되며 세포막을 구성하고 있는 불포화지방산의 산화를 억제함으로써 대기오염으로부터 폐점막을 보호해주며 상처나 손상된 피부와 완화에 도움을 줍니다. 태양의 자외선을 차단하여 피부를 보호해주는 역할도 합니다. 각종 질환 치료시, 사용 전/후 붉은반점, 부어오름, 가려움증 등의 피부이상, 허약체질, 약 복용중, 생후 6주 미만, 노령 또는 임신 및 출산의 경우 수의사와 상담 후 지시에 따라 사용하세요. 눈에 들어가지 않도록 주의하며, 만약 눈에 들어갔을 경우에는 맑은 물로 씻어내십시오. 건조 시 드라이어를 한곳에 집중적으로 사용하지 마세요. 건조증, 화상의 원인이 됩니다. 오트 파이버(귀리식이섬유)의 특성상 뭉치거나 가라앉음, 그리고 일광이나 고온에서 갈색으로 변할 수 있으나, 이는 자연적인 현상이므로 안심하고 사용하실 수 있습니다. 샴푸 전에 엉킨 털을 풀어주세요. 미온수로 모발을 충분히 적신 후에 본체 적당량을 바르고 마사지하듯 비벼 거품을 내세요. 샴푸 후에는 미지근한 물로 충분히 헹구어 주십시오. 사용 후 충분히 헹구지 않으면 피부병의 원인이 될 수도 있습니다. 본 상품에는 CMIT (메칠클로로이소치아졸리논), MIT (메칠이소치아졸리논) 성분이 총 0.00058% 함유되었으며, 국내법규 허용 기준 함유량인 0.0015%를 초과하지 않습니다.",http://img.dogpre.com/web/dogpre/product/32/31511_detail_5297.jpg
18,뉴벨버드 크림 린스 베이비파우더향 750ml,"6,900원","뉴벨버드 크림 린스는 유색견종,모든 견종에 사용 가능하며,부드러운 베이비파우더향이 오랜 시간 지속됩니다. 피부에 자극이 적고 부드러우며,피모에 윤기를 더해주어 엉키지 않고 찰랑찰랑하게 유지되도록 도움을 주며,정전기 방지 및 비듬과 가려움증을 예방합니다. 눈에 들어갔을 경우엔 즉시 씻어내 주시고,사용 후 충분히 씻어내지 않을 경우 탈모 또는 탈색의 원인이 될 수 있으므로 충분히 헹구어 주세요. 붉은반점,부어오름,가려움증,습진,피부염 등의 이상이 있을 경우엔 사용을 중지하고 수의사와 상담해주세요. 사용 후에는 반드시 마개를 닫아 주시고, 어린아이의 손이 닿지 않는 곳에 보관해주세요. 고온다습한 곳을 피해 서늘한 곳에 보관해주세요.",http://img.dogpre.com/web/dogpre/product/24/23015_detail_9132.jpg
19,램버트케이 후레쉬앤크린 센티드 크림린스 533ml,"10,500원","램버트케이 후레쉬앤크린 센티드 크림 린스는 향기와 윤기가 오랜 시간 지속되고, 찰랑찰랑한 모발로 가꾸어주며 정전기나 먼지가 달라붙는 것을 방지해주는 제품입니다. 견모 깊숙이 스며들어 향긋한 향기를 유지하여 애견 본연의 냄새를 막아주며, 알로에 성분의 첨가로 피부를 부드럽게 해주고 털을 윤기 있게 해주어 엉킴과 가려움을 예방합니다. 더불어 민감한 피부에도 적합합니다. 수입상품 특성상 패키지 및 스티커가 이미지와 일부 다를수 있으나, 동일한 성분의 동일 제품이니 구매에 참고 부탁드립니다. 샴푸 후 헹구어 낸뒤, 린스와 물을 1:7의 비율로 희석시킨 용액을 골고루 뿌려준 다음 헹구어 냅니다. 더 부드러움을 원하실 때는 물로 헹구지 않고 타올로만 닦아주어도 됩니다.",http://img.dogpre.com/web/dogpre/product/2/1497_detail_0650.jpg
20,뉴 브리더 린스 360ml,"4,500원","뉴 브리더 린스는 애견의 건조하고 손상된 모발에 보습 성분 등으로 수분 밸런스를 적정수준으로 맞추어 주고 부드럽고 탄력있게 가꾸어 주는 애견 전용의 기능성 린스입니다. 애견에게 가장 적합한 PH 농도를 조절하여 줌으로써 피부의 트러블을 방지해주고 모발 한가닥 한가닥에 영양을 공급하여 손상되고 예민한 모발에 코팅됨과 동시에 건조한 모발에 수분 밸런스를 조절하여 항상 아름답고 우아한 모발을 유지시켜줍니다. 또한, 정전기 및 엉킴이 방지되고 건강하며 탄력있는 모발로 가꾸어 주는데 도움을 줍니다.",http://img.dogpre.com/web/dogpre/product/1/647_detail_1430.jpg
21,로라 샴푸 300ml,"19,000원","로라 샴푸는 세정, 탄력, 보습에 이르는 3단계 케어로, 수분과 영양분 손실 없이 윤기나는 모질을 유지해주는 천연 샴푸입니다. 코코넛에서 추출된 현존하는 가장 순한 자연 세정 성분으로 모질과 피부를 섬세하게 세정하며, 천연 컨디셔닝 성분인 귀리 추출물이 세정 후 건조한 피부와 모질을 탄력있게 케어해줍니다. 자연에서 온 최고의 보습제인 시어버터가 피모에 수분을 공급해주며,린스를 쓰지 않아도 빵빵한 모질을 유지해줍니다. 스트레스와 눈물, 가려움을 유발하는 인공향료를 배제하였으며, 로즈마리와 라벤더 오일이 만드는 자연스러운 향으로 목욕 스트레스와 거부감을 줄이고, 목욕이 끝난 후 보다 편안한 상태를 유지할 수 있도록 돕습니다.",http://img.dogpre.com/web/dogpre/product/63/62278_detail_01813792.jpg
22,프롬펫 물 없이 쓰는 버블샤워 320ml,"12,000원","프롬펫 물 없이 쓰는 버블샤워는 섬세하고 얇은 피부층을 가진 반려견을 위해 피부 자극을 최소화한 샴푸입니다. 수술 후 부분세정, 야외 활동 후 간편하게 씻길 때나 물을 무서워하는 반려견에게 유용합니다. 알로에 추출물, 고삼, 캣닙 등 천연 추출물로 항균 및 피부 진정에 도움이 됩니다. 또한, 피부에 필수적인 단백질과 아미노산을 모두 포함하고 있는 펩타이드 함유로 피부 세포의 재생을 촉진하고 주름 개선에 효과적이며 물과 결합을 잘하는 특성이 있어 보습효과가 우수합니다. 적당량 펌핑하여 원하는 부위에 부드럽게 마사지하듯 발라준 뒤 마른 수건으로 깨끗이 닦아주고 드라이기로 마무리해주시면 됩니다.",http://img.dogpre.com/web/dogpre/product/58/57259_detail_01275879.jpg
23,코코브라운 스위티버블 샴푸 스위트후르츠 500ml,"11,000원","코코브라운 스위티버블 샴푸는 샴푸와 컨디셔너를 함께 넣어 간편하게 세정과 보습을 해결하며, 상큼한 과일 향기로 아로마테라피 효과를 보여줍니다. 또한 감초뿌리, 왜당귀뿌리, 창포뿌리 등 천연 원료 추출물 성분으로 Three Care(각질, 피부, 모발)에 도움을 줍니다. 코코브라운 제품에는 천연 계면활성제 첨가와 에코서트 인증 원료 사용으로 반려동물의 피부를 건조하지 않게 하고 세정력 또한 우수합니다. 반려동물의 피부는 중성에 가깝기 때문에 사람이 사용하는 샴푸는 반려동물의 피부와 피모에 자극을 주게 됩니다. 코코브라운 샴푸는 최적의 pH로 제조된 샴푸이며 모든 동물에게 사용 가능합니다.",http://img.dogpre.com/web/dogpre/product/57/56166_detail_01994592.jpg
24,아르르 워터리스 버블 클렌저 150ml,"16,900원","아르르 워터리스 버블클렌저는 물 없이 간편하게 세정이 가능한 샴푸입니다. 우수한 세정력으로 피부 사이사이에 오염물질을 제거해주며 자극적이지 않은 향과 성분으로 반려동물의 모발을 보호합니다. 합성계면활성제 등 자극적인 성분을 첨가하지 않아 안전하게 사용이 가능하며, 긴 드라이 시간과 잦은 목욕으로 인한 스트레스와 피부질환을 예방해줍니다. 은은하고 부드러운 향과 함께 수분공급과 부드러운 피모를 유지해줍니다. 반려동물의 피부 질환을 일으키는 실리콘, 미네랄오일, 피이지 등이 무첨가 되었으며, 실리콘 브러쉬가 부착되어 있어 부분세정이나, 수술 등으로 씼을 수 없는 반려동물도 간편하게 사용 할수 있습니다.",http://img.dogpre.com/web/dogpre/product/51/50709_detail_01409423.jpg
25,트로피크린 님&시트러스 샴푸 592ml,"15,300원","트로피크린 님&시트러스 샴푸는 벼룩, 진드기 등 해충으로 인한 가려움증을 완화시켜주고 딥클린징 포뮬라로 반려견 특유의 냄새까지 잡아주는 효과가 있습니다. 신의 약국이라고도 불리우는 천연 약용식물 님(neem)함유로 특히 항진균, 항염증 및 진정효과가 뛰어납니다. 풍부한 거품이 반려견의 피모를 깨끗하게 씻어주고 윤기나는 건강한 모질로 가꿔주며 유분기가 적어 반려견이 상쾌함을 느낄 수 있습니다. 사용후에는 반드시 마개를 닫아 유, 소아의 손이 닿지 않는 곳에 보관해주세요. 동물용이므로 사람에게는 사용하지마시고, 용도 외의 사용을 금합니다. 반려동물의 체질에 따라 사용 중, 민감한 반응을 보이는 즉시 사용을 중단하고 수의사와 상담바랍니다. 직사광선을 피하고 습기가 적은 서늘한 곳에 보관바랍니다. 제조일표기는 제품 밑면의 첫번째 줄 5자리 수이며, 앞의 세자리는 일 수, 뒤의 두자리는 년도를 의미합니다. 예시로 12315는 15년의 123번째날을 의미하며, 2015년 5월 3일로 읽습니다.",http://img.dogpre.com/web/dogpre/product/49/48146_detail_01827942.jpg
26,어스배스 오트밀&알로에 샴푸 472ml,"15,000원","어스배스 오트밀&알로에 샴푸는 건조하고 가려운 피모를 가진 반려동물의 증상을 완화시키기 위해 특별한 포뮬러로 제조되어있으며, 반려동물의 피부와 피모를 깨끗하고 윤기나게 하고 그 어느 때보다 향기로워집니다. 타임지가 선정한 세계 10대 슈퍼푸드인 콜로이드 오트밀은 FDA로부터 피부 보호 효능이 있는 성분으로 등록되어 있으며 민감하고 건조한 피부를 촉촉하게 만들어줍니다. 또한 알로에베라 성분으로 가려움증을 완화시켜주며 알란토인 성분으로 민감한 피부를 보호하고 피부 재생을 도와줍니다. 어스배스 제품에는 위험 합성계면활성제가 들어있지 않으며 코코넛 유래 계면활성제를 사용하여 반려동물의 피부를 건조하지 않게 하고 세정력 또한 우수합니다. 반려동물의 피부는 중성에 가깝기 때문에 사람이 사용하는 샴푸는 반려동물의 피부와 피모에 자극을 주게 됩니다. 어스배스 샴푸는 아기 샴푸보다도 더욱 마일드한 pH7.0에 가깝게 제조된 샴푸이며 모든 동물에게 사용 가능합니다.",http://img.dogpre.com/web/dogpre/product/46/45287_detail_01656144.jpg
27,참머스데일 마누카 애견 목욕 비누,"20,000원","참머스데일 마누카 애견 목욕 비누는 청정지역 호주에서 제조된 천연성분 제품입니다. 달콤하고 뽀송뽀송한 목욕시간을 만들어주며, 프로폴리스와 마누카 꿀, 그리고 아로마 오일로 반려견의 스트레스 및 안정에 도움을 줍니다. 인공화학성분이 첨가되지 않아 피부에 찌꺼기가 남지 않으며, 목욕직후에는 샴푸에 비해 뻣뻣한 느낌을 받을수 있으나 드라이후에는 향긋하고 부드러운 피모를 유지해줍니다. 보습력과 항균력을 가진 천연성분 프로폴리스와 마누카 꿀 아로마오일로 피부벽을 튼튼하게 만들어줍니다. 은은한 샌달우드(백단향) 향기가 감도는 피부친화적 식물성기반 목욕비누로, 사람과 함께 사용해도 좋습니다. ",http://img.dogpre.com/web/dogpre/product/46/45221_detail_02654887.jpg
28,워렌런던 천연 오트밀 샴푸 503ml,"16,000원","워렌런던 천연 오트밀 샴푸는 피부손상을 일으킬 수 있는 화학성분이 첨가되지 않은 휴먼 그레이드 천연 샴푸입니다. 피부 친화적인 식물성 천연계면활성제가 함유되었으며, 가려움증 및 각질제거, 민감한 피부, 알러지 완화에 도움을 줍니다. 또한, 코코넛 오일에 함유된 지방산을 추출하여 자극적이지 않고, 풍부한 거품과 세정력이 뛰어나며 사용 후 윤기있고 부드러운 피부 유지에 도움을 줍니다. 수입상품 특성상 패키지 및 스티커가 이미지와 일부 다를수 있으나, 동일한 성분의 동일 제품이니 구매에 참고 부탁드립니다. ",http://img.dogpre.com/web/dogpre/product/43/42179_detail_01560273.jpg
29,하이포닉 저자극샴푸 자견용 500ml,"28,000원",하이포닉 샴푸는 100% 자연유래세정성분으로 만든 저자극 샴푸입니다. 유해 화학성분을 제거하고 EWG 스킨딥 안전등급 성분으로 제조하였으며 서울대와 공동 연구하여 피부와 안점막 저자극성을 확인하였습니다. 보습성분이 강화되어 단모강아지와 12개월이하의 어린강아지에게 적합한 제품입니다.,http://img.dogpre.com/web/dogpre/product/42/41966_detail_01979909.jpg
30,아일오브독스 헤비 컨디셔너 NO.51 1L,"45,600원","아일오브독스 헤비 컨디셔너 NO.51은 고영양, 고보습 컨디셔너로 손상되고 건조한 털에 영양을 주는 제품입니다. 털이 짧거나 가늘어 축 쳐지는 애견과 말티즈, 요크셔테리어, 시츄, 코카스파니엘, 아프칸하운드, 골든리트리버, 그레이트피레니즈에게 적합하며, 털갈이 중이나 탈모로 털이 빠지거나 뭉치고 엉키는 모질, 알러지나 체취에 효과가 있습니다. 아일오브독스는 최상급의 순수한 달맞이꽃 오일 원액과 로얄젤리를 사용하여 제조됩니다. 달맞이꽃 오일은 모유에만 들어있는 감마리놀렌산이 풍부하여 아토피, 알러지 등 면역계 질환을 예방하고 수분공급은 물론 피부를 보호하여 염증 및 트러블 완화에 도움을 줍니다. 로얄젤리는 자연에서 얻을 수 있는 가장 순수한 단백질로 재생을 촉진시키고 주요 비타민 및 미네랄이 풍부하게 함유되어 있습니다. 사과나무 꿀향으로, 뿌린 직후에는 후지사과 등 상쾌한향으로 시작하여 뿌린 후 1시간은 쟈스민, 백합의 꽃향기를 내며 1시간 이후로는 꿀, 샌달우드, 머스크향이 지속됩니다. 샴푸 후 원액을 10배 희석하여 전신에 발라주며 마사지 해주시고 5~10분 후 헹궈주십시오. 컨디셔너는 샴푸와 시너지 효과를 내며 모질 및 피부를 관리해주어 건강한 털이 빠지는 것을 예방하고 털이 엉키지 않도록 방지해 줍니다. 제품 밑면에 있는 숫자 및 영문은 제조일자로 맨 앞에 숫자는 년, 두번째 영문은 월(A:1월, B:월 ~ L:12월), 세번째 숫자는 일자는 나타냅니다.",http://img.dogpre.com/web/dogpre/product/21/20803_detail_5736.jpg
31,아일오브독스 화이트 코트 샴푸 NO.16 1L,"49,600원","아일오브독스 화이트 코트 샴푸 NO.16은 흰색 피모를 가진 견종에게 최상의 샴푸라고 소개되고 있을 만큼 효과가 탁월한 제품입니다. 눈이나 입 주위가 변색된 애견이나 민감성 피부 및 윤기가 필요한 견종인 말티즈, 비숑프리제, 화이트테리어 등에 적합하며, 염색제나 탈색제처럼 해롭거나 털을 건조하게 하지 않으므로 매일 사용하셔도 될 정도로 저자극성 제품입니다. 아일오브독스는 최상급의 순수한 달맞이꽃 오일 원액과 로얄젤리를 사용하여 제조됩니다. 달맞이꽃 오일은 모유에만 들어있는 감마리놀렌산이 풍부하여 아토피, 알러지 등 면역계 질환을 예방하고 수분공급은 물론 피부를 보호하여 염증 및 트러블 완화에 도움을 줍니다. 로얄젤리는 자연에서 얻을 수 있는 가장 순수한 단백질로 재생을 촉진시키고 주요 비타민 및 미네랄이 풍부하게 함유되어 있습니다.몰디브 바닐라 크림향으로, 뿌린 직후에는 산딸기, 파인애들, 수박향으로 시작하여 뿌린 후 1시간은 쟈스민, 프레지아, 바다향의 달콤하고 시원한 향을 내며 1시간 이후로는 패츌리, 화이트머스크, 호박향이 지속됩니다. 애견은 사람보다 약 200배 후각이 발달해 있어 향기에 예민하므로 강한 향기에 노출되면 불편해하고 심하면 건강에 위협을 받을 수 있습니다. 아일오브독스 제품은 이러한 특성을 고려하여 전문 향수 디자이너에 의뢰하여 애견의 후각에 영향을 주지 않으면서 은은한 향이 나도록 개발되었습니다. 원액을 10배 희석하여 5분 이상 충분히 마사지한 후 깨끗이 헹궈 주십시오. 연속하여 같은 양으로 한번 더 샴푸해 주시면 최상의 효과를 볼 수 있습니다. 제품 밑면에 있는 숫자 및 영문은 제조일자로 맨 앞에 숫자는 년, 두번째 영문은 월(A:1월, B:월 ~ L:12월), 세번째 숫자는 일자는 나타냅니다.",http://img.dogpre.com/web/dogpre/product/21/20800_detail_5681.jpg
32,아일오브독스 로얄젤리 샴푸 NO.20 250ml,"29,600원","아일오브독스 로얄젤리 샴푸 NO.20은 단백질이 풍부한 로얄젤리로 털의 성장을 촉진시키고 손상된 모질을 복구하여 볼륨감을 배가 시키는 제품입니다. 볼륨업이 필요하거나 털빠짐이 심한 애견과 푸들, 포메라이언, 비숑프리제, 시베리안허스키, 골든리트리버, 그레이트피레니즈, 셔틀랜드쉽독에게 적합하며, 털갈이 중이나 탈모, 뭉치고 엉키는 털에 효과가 있고 숱 없고 힘없는 털을 풍성하게 가꿔줍니다. 아일오브독스는 최상급의 순수한 달맞이꽃 오일 원액과 로얄젤리를 사용하여 제조됩니다. 달맞이꽃 오일은 모유에만 들어있는 감마리놀렌산이 풍부하여 아토피, 알러지 등 면역계 질환을 예방하고 수분공급은 물론 피부를 보호하여 염증 및 트러블 완화에 도움을 줍니다. 로얄젤리는 자연에서 얻을 수 있는 가장 순수한 단백질로 재생을 촉진시키고 주요 비타민 및 미네랄이 풍부하게 함유되어 있습니다. 사과나무 꿀향으로, 뿌린 직후에는 후지사과 등 상쾌한향으로 시작하여 뿌린 후 1시간은 쟈스민, 백합의 꽃향기를 내며 1시간 이후로는 꿀, 샌달우드, 머스크향이 지속됩니다. 애견은 사람보다 약 200배 후각이 발달해 있어 향기에 예민하므로 강한 향기에 노출되면 불편해하고 심하면 건강에 위협을 받을 수 있습니다. 아일오브독스 제품은 이러한 특성을 고려하여 전문 향수 디자이너에 의뢰하여 애견의 후각에 영향을 주지 않으면서 은은한 향이 나도록 개발되었습니다. 원액을 10배 희석하여 5분 이상 충분히 마사지한 후 깨끗이 헹궈 주십시오. 연속하여 같은 양으로 한번 더 샴푸해 주시면 최상의 효과를 볼 수 있습니다. 제품 밑면에 있는 숫자 및 영문은 제조일자로 맨 앞에 숫자는 년, 두번째 영문은 월(A:1월, B:월 ~ L:12월), 세번째 숫자는 일자는 나타냅니다.",http://img.dogpre.com/web/dogpre/product/19/18282_detail_01415388.jpg
33,쏘아베 약용샴푸 이&벼룩&진드기방지 500ml,"5,100원","쏘아베 샴푸는 순수 자연세정분을 과학적인 방법으로 제조하여 애완동물의 피모에 위생과 영양과 보습력이 탁월한 애견전용 샴푸입니다. 실리실산이 소독작용, 비듬균억제, 항균, 항염, 각질제거 기능을 하여 세포를 재생 및 유지시켜주며, DL-Panthenol(프로비타민B5, 판토텐산)으로 침투성이 있는 보습제로 보습기능유지, 피부재생, 피부와 모발의 컨디셔닝효과, 항염증, 가려움증방지, 손상된 모발회복 증진효과에도 좋으며 알란토인의 함유로 자극을 받은 두피의 진정작용 상처치유작용 및 피부 저항력을 강화시켜주고, 피레트린 엑스(이, 벼룩, 진드기등 살충제 효과)가 들어있는 좋은상품 입니다.",http://img.dogpre.com/web/dogpre/product/14/13680_detail_0883.jpg
34,부들부들 에코랜드 제너럴 샴푸 500g,"5,900원","부들부들 에코랜드 제너럴 샴푸는 프랑스 에코서트 기관에서 인증한 유기농 원료인 녹차 추출물과 로즈마리 추출물이 함유되어 있어서 가장 마일드 하면서도 풍부한 모이스처와 깨끗한 세정력을 갖춘 뛰어난 제품으로 전 연령의 애견에게 부담 없이 사용 하실 수 있는 제품입니다. 또한, 아보카도오일, 석류나무추출물을 가미해 모발의 부드러움과 털이 엉키는 것을 방지하는데 탁월한 도움을 주며 은은한 잔향의 정도가 애견의 모발 깊숙이 자리 잡아 오랫동안 지속됩니다. 먼저 미온수로 애견의 온몸을 적신 후, 적당량의 샴푸를 덜어 바르고 부드럽게 문지른 후 충분히 씻어줍니다. 본 상품에는 CMIT (메칠클로로이소치아졸리논), MIT (메칠이소치아졸리논) 성분이 총 0.0008% 함유되었으며, 국내법규 허용 기준 함유량인 0.0015%를 초과하지 않습니다.",http://img.dogpre.com/web/dogpre/product/13/12775_detail_01166455.jpg
35,부들부들 비듬전용 약용샴푸 300ml,"5,900원","부들부들 비듬전용 약용샴푸는 애견피부 건강을 위한 전통 한방성분(천궁, 백지, 세신, 상백피)과 애완견의 피부염예방 및 각질, 비듬을 감소시키는 천연 식물성 추출물(호호바오일, 알로에, 쐐기풀, 엘더베리) 및 유효성분인 IPBC, 글루콘산클로르헥시딘액, 살리실직애시드 등이 복합 기능을 나타내 비듬, 각질등의 문제성 피부를 가진 애견은 물론 연약한 애견의 피부에도 탁월한 Medicated Dandruff Shampoo 입니다. 천연식물성 추출물(호호바오일, 알로에, 쐐기풀, 엘더베리)함유로 피부염 예방, 각질감소, 비듬감소 효과가 있으며, 천연 한방성분(천궁, 백지, 세신, 상백피)함유로 애완견의 피부과 건강을 유지 및 관리해줍니다. 본 상품에는 CMIT (메칠클로로이소치아졸리논), MIT (메칠이소치아졸리논) 성분이 총 0.0008% 함유되었으며, 국내법규 허용 기준 함유량인 0.0015%를 초과하지 않습니다. 패키지 및 액상 색상이 민트색상에서 오렌지색상으로 리뉴얼되었습니다.",http://img.dogpre.com/web/dogpre/product/11/10391_detail_01782904.jpg
36,뉴 브리더 샴푸&린스 360ml,"4,500원","뉴 브리더 샴푸&린스는 샴푸와 린스를 동시에 사용하실수 있으시며, 비듬방지제 식물성 오일 옥토피록스, 천연아미노산등이 첨가되어 피부의 가려움을 예방해 줍니다. 애완견의 털을 부드럽고 윤기있게 가꾸어 주고 정전기 방지 및 컨디셔닝 효과로 엉킴이 방지되는 다기능 샴푸겸용린스입니다.",http://img.dogpre.com/web/dogpre/product/1/572_detail_3653.jpg
37,알프레독 화이트 샴푸 앤 린스 500g,"6,800원","알프레독 화이트 샴푸 앤 린스는 윤기 있는 하얀 피모를 위한 샴푸 & 린스입니다. 천연 실크 성분인 하이드롤라이즈드 실크가 함유되어 하얀 모발을 더욱 하얗게 만들어주며 수분을 공급하여 털을 부드럽고 촉촉하게 만들어 줍니다. 피부질환이나 상처치료에 도움을 주는 프로폴리스와 항균, 항산화 작용으로 피부를 맑게 유지해주는 자몽 추출물이 함유되어 피부 진정 효과가 있습니다. 코코넛과 팜에서 추출한 자연 유래 계면활성제를 사용하여 피부에 자극을 최소화하였으며, 프랑스 유기농 에코서트에서 인증받은 원료를 사용하여 더욱 안심하고 사용할 수 있습니다. 반려동물의 연약한 피부를 위해 약산성 PH로 만들어 건강한 피부를 만들어줍니다. 미온수를 털에 충분히 적신 후 샴푸로 부드럽게 마사지 후 거품이 완전히 없어질 때까지 충분히 물로 헹궈주시기 바랍니다.",http://img.dogpre.com/web/dogpre/product/65/64408_detail_01956006.jpg
38,코코 카렌듈라 샤워 비누 90g,"16,800원",코코 카렌듈라 샤워 비누는 식물성 오일로 만든 핸드메이드 천연 숙성 비누입니다. 건성 피부에 좋은 올리브 오일과 피부 생성을 촉진하는 코코넛 오일에서 추출한 천연 게면 활성제로 만든 비누로 피부에 자극을 최소화합니다. 보습력이 뛰어난 천연 시어버터 성분이 들어 있어 천연 비누임에도 부드럽고 풍부한 거품을 만들어 냅니다. 숙성 기간이 길어질수록 비누가 더욱 순해지기 때문에 최소 4주 이상의 숙성 과정을 거치며 합성 응고제를 사용하지 않은 천연 숙성 비누로 생분해성이 높아 환경친화적입니다. 아기의 피부보다 얇고 연약한 반려견의 피부를 순하고 안전하게 세정할 수 있습니다. 반려견의 피모 전체를 미온수로 적신 후 비누 거품을 충분히 내어 전신을 부드럽게 문지르고 깨끗한 물에 헹군 후 타월과 드라이기를 이용해 꼼꼼히 말려주시기 바랍니다.,http://img.dogpre.com/web/dogpre/product/65/64294_detail_01336457.jpg
39,필루 천연 해충방지 샴푸 200ml,"12,000원","필루 천연 해충방지 샴푸는 농약 및 화학적 살충제를 사용하지 않고 식물에서 추출한 천연 에센셜 오일 성분으로 만들어진 친환경 샴푸입니다. 우수 의약품의 제조 및 품질관리를 보증하는 프랑스 GMP 인증 시설에서 생산하였으며, 반려동물의 민감한 피부를 고려한 Ph적용으로 자극을 최소화하였습니다. 윤기있는 피모관리와 해충방지가 동시에 가능하며, 외부 기생충으로 부터 수일간 지속적으로 보호해줍니다. 처음 사용 시에는 기존 사용하던 샴푸의 양보다 적은 양을 사용해주시고, 천연 성분의 향에 적응된 이후 양을 늘려주시기 바랍니다.",http://img.dogpre.com/web/dogpre/product/64/63586_detail_01247032.jpg
40,필루 파우더 샴푸 150g,"8,000원","필루 파우더 샴푸는 95% 이상의 천연 성분 또는 5% 이상의 오가닉 성분으로 구성된 은은한 파우더향의 샴푸입니다. 프랑스 GMP에서 인증받은 시설에서 생산하였으며, 반려동물에게 해로운 파라벤, PVC 등의 성분을 넣지 않았습니다. 또한 윤기있는 모질 관리 및 피부 보습을 동시에 관리해주며, 분말 형태로 되어있어 물 없이 사용 가능합니다. 적당량을 덜어 반려동물의 털에 문질러 샴푸해주시고, 수 분 동안 문질러 준 후 따로 물로 헹구어 내거나 수건으로 닦지 않으셔도 됩니다. 본 상품은 분말 타입으로 가루가 날릴 수 있으니 반려동물의 털 가까이에서 사용해주시기 바랍니다.",http://img.dogpre.com/web/dogpre/product/64/63580_detail_01739841.jpg
41,마리노엘 DIY 비누 키트 영유아견 50g,"4,800원","마리노엘 DIY 비누 키트는 특별한 장비나 도구없이 누구나 쉽게 만들수 있는 천연 비누 제작 키트입니다. 파라벤, 페녹시에탄올, 실리콘, 색소 등 유해성분을 배제하고, 천연오일과 기능성 추출물 등의 천연성분으로 이루어져 자극이 없고 안심사용이 가능합니다. 천연비누 1개를 만들 수 있는 MP 비누조각 베이스와 아로마 오일로 이루어진 구성입니다.",http://img.dogpre.com/web/dogpre/product/64/63184_detail_01158658.jpg
42,마리노엘 DIY 비누 키트 단모견 50g,"4,800원","마리노엘 DIY 비누 키트는 특별한 장비나 도구없이 누구나 쉽게 만들수 있는 천연 비누 제작 키트입니다. 파라벤, 페녹시에탄올, 실리콘, 색소 등 유해성분을 배제하고, 천연오일과 기능성 추출물 등의 천연성분으로 이루어져 자극이 없고 안심사용이 가능합니다. 천연비누 1개를 만들 수 있는 MP 비누조각 베이스와 아로마 오일로 이루어진 구성입니다.",http://img.dogpre.com/web/dogpre/product/64/63181_detail_01639896.jpg
43,프랭킷 더화이트 비누 밝은장모용 85g,"13,000원","프랭킷 비누는 반려동물 아로마테라피스트 교육과정을 거친 증명된 전문가가 직접 제작합니다. 인공 향료를 사용하지 않고, 에센셜 오일 등급 중에서도 최상급인 테라피급 에센셜 오일만을 고집하며, 영국 엡솔루트아로마사의 검증된 에센셜오일만 사용합니다. 저온법 숙성 제작으로 오랜시간 공들여 제작한 수제비누로, KC검사와 유리알칼리 검사를 통해 유해성분 불검출 인증을 받은 순하고 안전한 제품입니다. 엄선된 프리미엄 재료만 사용하여 반려동물과 견주, 아이가 사용해도 안전하며, 순비누분 80%이상 함유하고 있어 자극은 낮으나, 세척력은 뛰어납니다.",http://img.dogpre.com/web/dogpre/product/64/63085_detail_01234411.jpg
44,프랭킷 오마이베이비 비누 자견용 85g,"13,000원","프랭킷 비누는 반려동물 아로마테라피스트 교육과정을 거친 증명된 전문가가 직접 제작합니다. 인공 향료를 사용하지 않고, 에센셜 오일 등급 중에서도 최상급인 테라피급 에센셜 오일만을 고집하며, 영국 엡솔루트아로마사의 검증된 에센셜오일만 사용합니다. 저온법 숙성 제작으로 오랜시간 공들여 제작한 수제비누로, KC검사와 유리알칼리 검사를 통해 유해성분 불검출 인증을 받은 순하고 안전한 제품입니다. 엄선된 프리미엄 재료만 사용하여 반려동물과 견주, 아이가 사용해도 안전하며, 순비누분 80%이상 함유하고 있어 자극은 낮으나, 세척력은 뛰어납니다.",http://img.dogpre.com/web/dogpre/product/64/63082_detail_01842101.jpg
45,프랭킷 도와줘 비누 민감성용 85g,"13,000원","프랭킷 비누는 반려동물 아로마테라피스트 교육과정을 거친 증명된 전문가가 직접 제작합니다. 인공 향료를 사용하지 않고, 에센셜 오일 등급 중에서도 최상급인 테라피급 에센셜 오일만을 고집하며, 영국 엡솔루트아로마사의 검증된 에센셜오일만 사용합니다. 저온법 숙성 제작으로 오랜시간 공들여 제작한 수제비누로, KC검사와 유리알칼리 검사를 통해 유해성분 불검출 인증을 받은 순하고 안전한 제품입니다. 엄선된 프리미엄 재료만 사용하여 반려동물과 견주, 아이가 사용해도 안전하며, 순비누분 80%이상 함유하고 있어 자극은 낮으나, 세척력은 뛰어납니다.",http://img.dogpre.com/web/dogpre/product/64/63079_detail_01578188.jpg
46,프랭킷 고마워 비누 노견용 85g,"13,000원","프랭킷 비누는 반려동물 아로마테라피스트 교육과정을 거친 증명된 전문가가 직접 제작합니다. 인공 향료를 사용하지 않고, 에센셜 오일 등급 중에서도 최상급인 테라피급 에센셜 오일만을 고집하며, 영국 엡솔루트아로마사의 검증된 에센셜오일만 사용합니다. 저온법 숙성 제작으로 오랜시간 공들여 제작한 수제비누로, KC검사와 유리알칼리 검사를 통해 유해성분 불검출 인증을 받은 순하고 안전한 제품입니다. 엄선된 프리미엄 재료만 사용하여 반려동물과 견주, 아이가 사용해도 안전하며, 순비누분 80%이상 함유하고 있어 자극은 낮으나, 세척력은 뛰어납니다.",http://img.dogpre.com/web/dogpre/product/64/63073_detail_01009870.jpg
47,더모센트 에센셜6 세보 샴푸 200ml,"25,000원","더모센트 에센셜6 세보 샴푸는 프랑스의 LDCA에서 100% 천연 성분을 이용하여 만든 반려동물 피부케어 전문 브랜드의 샴푸입니다. 각질과 지루성 피부 등의 원인이 되는 손상된 hidrolipidic film의 재생을 촉진시켜 각질과 탈모를 줄여주고 이상취와 지루성 피부염을 교정시켜줍니다. 또한 피부 밸런스 회복에 효과적인 균형잡힌 오메가3&6와 정제도가 높은 11가지 에센셜 오일의 상호 시너지 효과로 수분공급, 지루 조절, 과도한 탈모증 완화 등에 효과적입니다.",http://img.dogpre.com/web/dogpre/product/61/60757_detail_01317464.jpg
48,더모센트 파이오클린 샴푸 200ml,"25,000원","더모센트 파이오클린 샴푸는 반려동물의 재발성 세균 및 진균성 감염증에 특화된 샴푸입니다. 프랑스의 LDCA에서 100% 천연 성분을 이용하여 만든 반려동물 피부케어 전문 브랜드에서 제조하였으며, 에센셜 오일의 천연물질을 통해 화농증과 말라세찌아 감염증의 관리를 위해 특화되어 있습니다. 오메가3&6 지방산이 피부 및 피모 건강에 도움을 주며, 프로폴리스를 함유하여 상처 치유, 항균 및 피부 진정에 효과적입니다. 재발성 화농증을 보이는 경우, 말라세찌아 감염증이 있는 경우, 플로로헥시딘의 장기 사용으로 인해 피모가 건조해진 경우 등에 활용 가능합니다.",http://img.dogpre.com/web/dogpre/product/61/60754_detail_01799736.jpg
49,심플리독 돈워리 샴푸 350ml,"29,000원","심플리독 돈워리 샴푸는 건조함과 각질, 예민한 문제성 피부를 가진 반려동물의 피부에 힘을 주어 건강한 피모관리에 도움을 줍니다. 자연 유래 성분과 천연 성분을 사용하여 모질을 부드럽게, 피부를 건강하게 보호하며 집중 영양 공급과 이중 보습 효과를 줍니다. 약산성의 순한 타입으로 피부가 예민한 반려견에게 적합합니다. 심플리독은 동물성 성분 사용과 동물실험을 하지 않으며, 계면활성제 및 인공향 등 26가지 유해 성분을 사용하지 않습니다.",http://img.dogpre.com/web/dogpre/product/61/60130_detail_01150549.jpg
50,심플리독 비해피 컨디셔너 350ml,"29,000원","심플리독 비해피 컨디셔너는 건조함과 각질, 예민한 문제성 피부를 가진 반려동물의 피부에 힘을 주어 건강한 피모관리에 도움을 줍니다. 자연 유래 성분과 천연 성분을 사용하여 모질을 부드럽게, 피부를 건강하게 보호하며 집중 영양 공급과 이중 보습 효과를 줍니다. 약산성의 순한 타입으로 피부가 예민한 반려견에게 적합합니다. 심플리독은 동물성 성분 사용과 동물실험을 하지 않으며, 계면활성제 및 인공향 등 26가지 유해 성분을 사용하지 않습니다. 사용방법은 샴푸 후 적당량을 덜어 원하는 부위에 골고루 마사지하듯 문지른 후 깨끗한 물로 충분히 헹구어 주시기 바랍니다.",http://img.dogpre.com/web/dogpre/product/61/60127_detail_01552408.jpg
51,에코나인 볼륨&발색 샴푸 500ml,"14,000원","에코나인 삼푸는 100% 자연 유래 세정성분으로 만든 저자극 샴푸입니다. 유해 화학성분을 제거하고 에코서트에서 인증받은 9가지 유기농 원료로 제조하였으며 1:8 비율로 물과 희석하기 좋은 낮은 점도의 텍스처로 풍부한 거품과 사용감이 부드럽습니다. 볼륨의 풍성함이 필요한 유색 강아지 전용 삼푸이며, 모든 강아지가 사용할 수 있는 마일드 타입의 제품입니다.",http://img.dogpre.com/web/dogpre/product/59/58513_detail_01398366.jpg
52,에코나인 전견용 샴푸 500ml,"14,000원",에코나인 삼푸는 100% 자연 유래 세정성분으로 만든 저자극 샴푸입니다. 유해 화학성분을 제거하고 에코서트에서 인증받은 9가지 유기농 원료로 제조하였으며 1:8 비율로 물과 희석하기 좋은 낮은 점도의 텍스처로 풍부한 거품과 사용감이 부드럽습니다. 모든 강아지가 사용할 수 있는 마일드 타입의 제품입니다.,http://img.dogpre.com/web/dogpre/product/59/58507_detail_01173082.jpg
53,강아지스토리 샴푸 300ml,"19,800원","강아지스토리 샴푸는 98% 자연유래성분의 식물성 계면활성제와 천연원료를 사용한 저자극 샴푸 입니다. 하이드롤라이즈드 콜라겐, 하이드롤라이즈드 실크, 하이드롤라이즈드 밀 단백질, 아미노산과 글리신이 풍부하여 반려견의 손상된 피모를 건강하고 윤기나게 도와줍니다. 저자극 식물성 계면활성제인 자연 유래 성분 코코넛오일, 옥수수, 감자 전분 등으로 반려견의 모발을 부드럽게 유지시켜주며, 풍부한 천연 원료를 사용하여 린스 없이 세정력을 강화했습니다. 또한, 사람에게도 쓰이는 병풀추출물의 함유로 약해진 피부를 건강하게 도움을 줍니다. 샴푸가 눈에 들어갔을 때 즉시 씻어주시고, 상처가 있는 곳 또는 습진 및 피부 염 등의 이상이 있는 부위에는 사용을 금해주시길 바랍니다. 사용 중 붉은 반점, 부어오름, 가려움증, 자극이 있을 경우 수의사와 상담해주시길 바랍니다. 반려견을 위해 무색소, 무변색방지제를 처리하여 사용 중 자연 변색이 있을 수 있으나, 내용물의 변질이 아닌 함유된 원료의 온도 변화에 따른 자연 발생 현상으로 문제없이 사용 가능합니다.",http://img.dogpre.com/web/dogpre/product/56/55938_detail_01536803.jpg
54,어스배스 투인원 망고탱고 샴푸 472ml,"15,000원",어스배스 투인원 망고탱고 샴푸는 샴푸와 컨디셔너를 함께 넣어 간편하게 세정과 보습을 한 번에 해결합니다. 달콤하고 향기로운 망고 향기로 아로마테라피 효과를 보여줍니다. 또한 알로에베라 성분으로 가려움증을 완화시키는 데에 도움을 줍니다. 어스배스 제품에는 위험 합성계면활성제가 들어있지 않으며 코코넛 유래 계면활성제를 사용하여 반려동물의 피부를 건조하지 않게 하고 세정력 또한 우수합니다. 반려동물의 피부는 중성에 가깝기 때문에 사람이 사용하는 샴푸는 반려동물의 피부와 피모에 자극을 주게 됩니다. 어스배스 샴푸는 아기 샴푸보다도 더욱 마일드한 pH7.0에 가깝게 제조된 샴푸이며 모든 동물에게 사용 가능합니다.,http://img.dogpre.com/web/dogpre/product/56/55446_detail_01935438.jpg
55,어스배스 코트 브라이트닝 샴푸 472ml,"15,000원","어스배스 코트 브라이트닝 샴푸는 모든 색상의 피모를 실크처럼 부드럽게 하고 자연스러운 광택을 내어줍니다. 특히 흰색 색상의 피모의 코트를 더욱 밝게 브라이트닝 해주는 효과를 해줍니다. 또한 알로에베라 성분으로 가려움증을 완화시켜주며, 라벤더의 향기로 탈취 효과뿐만 아니라 아로마테라피 효과로 스트레스 해소 및 진정 효과를 도와줍니다. 어스배스 제품에는 위험 합성계면활성제가 들어있지 않으며 코코넛 유래 계면활성제를 사용하여 반려동물의 피부를 건조하지 않게 하고 세정력 또한 우수합니다. 반려동물의 피부는 중성에 가깝기 때문에 사람이 사용하는 샴푸는 반려동물의 피부와 피모에 자극을 주게 됩니다. 어스배스 샴푸는 아기 샴푸보다도 더욱 마일드한 pH7.0에 가깝게 제조된 샴푸이며 모든 동물에게 사용 가능합니다.",http://img.dogpre.com/web/dogpre/product/56/55443_detail_01278871.jpg
56,데크라 말아세틱 약용샴푸 355ml,"26,000원","데크라 말아세틱 약용샴푸는 곰팡이성, 세균성 피부염, 알레르기성 피부염의 개선 및 피부 화농증과 모낭염 등 각종 피부염증과 모발손상 방지를 위한 피부관리 약용 샴푸입니다. 상품에 함유되어 있는 초산과 붕산은 일반적인 국소 피부염의 개선에 효과가 탁월하며, 피부질환에 문제가 될 수 있는 염료나 동물성 단백질은 사용하지 않았습니다. 증상이 호전되거나 완치될 때까지 주 1~2회 정도 또는 보다 적게 사용바랍니다. 강아지 몸 전체를 미지근한 물로 충분히 적신 다음, 본제를 적당량을 마사지하듯 골고루 강아지 몸 전체 또는 감염부위에 집중적으로 비벼준 뒤미지근한 물로 헹궈줍니다.",http://img.dogpre.com/web/dogpre/product/55/54837_detail_01989281.jpg
57,아인솝 아로마 바스타임 라벤더향 260g,"21,000원","아인솝 천연 아로마 입욕제는 천연 원료의 건강한 성분을 사용한 애견 목욕제품으로 최고등급의 천연 에센셜 오일을 사용하였으며 미세 탄산으로 각질제거, 노폐물제거, 혈액순환 기능에 도움을 줍니다. 향과 효능면에서 우수한 라벤더는 탄닌성분이 들어있어 반려동물의 피부를 지켜주는데 뛰어난 효과가 있으며 피부소염, 가려움을 완화 시켜주고 긴장을 풀어줍니다. 천연제품으로 헹굴 필요가 없으며 컨디션 또는 피부타입에 따라 맞춤 케어가 가능합니다.",http://img.dogpre.com/web/dogpre/product/53/52032_detail_01834186.jpg
58,아인솝 아로마 바스타임 피톤치드향 260g,"25,000원","아인솝 천연 아로마 입욕제는 천연 원료의 건강한 성분을 사용한 애견 목욕제품으로 최고등급의 천연 에센셜 오일을 사용하였으며 미세 탄산으로 각질제거, 노폐물제거, 혈액순환 기능에 도움을 줍니다. 나무가 해충과 병균으로부터 자신을 보호하기 위해 내뿜는 자연 향균 물질인 피톤치드의 함유로 살균작용, 피부트러블, 해소에 도움을 주며, 아토피 유발을 억제하고 가려움에 강한 효과를 줍니다. 천연제품으로 헹굴 필요가 없으며 컨디션 또는 피부타입에 따라 맞춤 케어가 가능합니다.",http://img.dogpre.com/web/dogpre/product/53/52029_detail_01950969.jpg
59,아인솝 애견비누 복숭아향 90g,"19,000원","아인솝 애견 천연비누는 천연 원료의 건강한 성분만을 사용한 애견 목욕제품입니다. 사람의 피부와 다른 강아지의 피부에 맞춘 PH지수로 부담없이 편안하게 사용 가능하며 천연원료를 주성분으로 하여 헹굼력이 좋아 가벼운 헹굼만으로도 깨끗하게 세정되어 목욕시간이 단축되며, 목욕 후 잔여물이 남지 않습니다. 100일간의 숙성으로 영양 거품이 풍성하며 모기나 벼룩, 진드기 등이 싫어하는 에센셜 오일이 첨가되어 해충으로부터 반려견을 보호해줍니다. 모량이 부족한 아이, 털을 기르는 장모종, 모질 탄력이 부족한 아이들에게 추천 합니다.",http://img.dogpre.com/web/dogpre/product/53/52026_detail_01090920.jpg
60,아인솝 애견비누 장미향 90g,"18,000원","아인솝 애견 천연비누는 천연 원료의 건강한 성분만을 사용한 애견 목욕제품입니다. 사람의 피부와 다른 강아지의 피부에 맞춘 PH지수로 부담없이 편안하게 사용 가능하며 천연원료를 주성분으로 하여 헹굼력이 좋아 가벼운 헹굼만으로도 깨끗하게 세정되어 목욕시간이 단축되며, 목욕 후 잔여물이 남지 않습니다. 100일간의 숙성으로 영양 거품이 풍성하며 모기나 벼룩, 진드기 등이 싫어하는 에센셜 오일이 첨가되어 해충으로부터 반려견을 보호해줍니다. 건조한 피부를 가진 아이, 피모가 푸석한 아이, 곱슬털을 가진 아이, 면역력이 떨어지는 노령견에게 추천 합니다.",http://img.dogpre.com/web/dogpre/product/53/52023_detail_01913946.jpg
61,아인솝 애견비누 페퍼민트향 90g,"18,000원","아인솝 애견 천연비누는 천연 원료의 건강한 성분만을 사용한 애견 목욕제품입니다. 사람의 피부와 다른 강아지의 피부에 맞춘 PH지수로 부담없이 편안하게 사용 가능하며 천연원료를 주성분으로 하여 헹굼력이 좋아 가벼운 헹굼만으로도 깨끗하게 세정되어 목욕시간이 단축되며, 목욕 후 잔여물이 남지 않습니다. 100일간의 숙성으로 영양 거품이 풍성하며 모기나 벼룩, 진드기 등이 싫어하는 에센셜 오일이 첨가되어 해충으로부터 반려견을 보호해줍니다. 민감한 피부를 가진 아이, 습진이 있는 아이, 자주 핥는 아이, 피부질환이 있었던 아이, 알러지가 있는 아이, 산책을 자주하는 아이들에게 추천 합니다.",http://img.dogpre.com/web/dogpre/product/53/52020_detail_01350408.jpg
62,아인솝 애견비누 파우더향 90g,"19,000원","아인솝 애견 천연비누는 천연 원료의 건강한 성분만을 사용한 애견 목욕제품입니다. 사람의 피부와 다른 강아지의 피부에 맞춘 PH지수로 부담없이 편안하게 사용 가능하며 천연원료를 주성분으로 하여 헹굼력이 좋아 가벼운 헹굼만으로도 깨끗하게 세정되어 목욕시간이 단축되며, 목욕 후 잔여물이 남지 않습니다. 100일간의 숙성으로 영양 거품이 풍성하며 모기나 벼룩, 진드기 등이 싫어하는 에센셜 오일이 첨가되어 해충으로부터 반려견을 보호해줍니다. 건조한 피부를 가진 아이, 어린 강아지, 모질이 푸석한 아이, 피모가 얇은 아이, 장모 아이들에게 추천합니다.",http://img.dogpre.com/web/dogpre/product/53/52017_detail_01274667.jpg
63,어스배스 오트밀&알로에 컨디셔너 472ml,"15,000원",어스배스 오트밀&알로에 컨디셔너는 소중한 반려동물의 피모를 실크처럼 부드럽게 하고 자연스러운 광택을 내어줍니다. 타임지가 선정한 세계 10대 슈퍼푸드인 콜로이드 오트밀은 FDA로부터 피부 보호 효능이 있는 성분으로 등록되어 있으며 민감하고 건조한 피부를 촉촉하게 만들어줍니다. 또한 알로에베라 성분으로 가려움증을 완화시켜주며 쉐어버터 성분으로 반려동물의 피모에 효과적으로 영양을 공급하고 털의 엉킴을 부드럽게 하는데 도움을 줍니다. 어스배스 제품에는 위험 합성계면활성제가 들어있지 않으며 코코넛 유래 계면활성제를 사용하여 반려동물의 피부를 건조하지 않게 하고 세정력 또한 우수합니다. 반려동물의 피부는 중성에 가깝기 때문에 사람이 사용하는 샴푸는 반려동물의 피부와 피모에 자극을 주게 됩니다. 어스배스 샴푸는 아기 샴푸보다도 더욱 마일드한 pH7.0에 가깝게 제조된 샴푸이며 모든 동물에게 사용 가능합니다.,http://img.dogpre.com/web/dogpre/product/46/45293_detail_01841033.jpg
64,워렌런던 천연 라벤더 샴푸 503ml,"16,000원","워렌런던 천연 라벤더 샴푸는 피부손상을 일으킬 수 있는 화학성분이 첨가되지 않은 휴먼 그레이드 천연 샴푸입니다. 피부 친화적인 식물성 천연계면활성제가 함유되었으며, 모든 피모 타입으로 적정 pH 밸런스 유지에 도움을 줍니다. 또한, 코코넛 오일에 함유된 지방산을 추출하여 자극적이지 않고, 풍부한 거품과 세정력이 뛰어나며 사용 후 윤기있고 부드러운 피모에 도움을 줍니다. 수입상품 특성상 패키지 및 스티커가 이미지와 일부 다를수 있으나, 동일한 성분의 동일 제품이니 구매에 참고 부탁드립니다. ",http://img.dogpre.com/web/dogpre/product/43/42182_detail_01886503.jpg
65,포켄스 베이비파우더 샴푸 550ml,"7,500원","포켄스 베이비파우더 샴푸는 여리고 부드러운 피부와 모발을 가진 동물들을 위하여 순하게 만들어진 샴푸입니다. 코코넛에서 유래한 순한 세정성분과 천연알로에가 연약하고 민감한 피모를 부드럽게 세정하고 영양과 보습을 공급하여 피모를 깨끗하고 건강하게 해주는데 도움을 줍니다. 기분좋은 베이비 파우더향을 느껴보세요. 포켄스의 각종 샴푸의 주요기능의 원료외에 모든 샴푸에 첨가되어 있는 원료중 하나인 토코페롤은 스킨이나 크림과 같이 피부와 관련되는 제품에 많이 사용되며 세포막을 구성하고 있는 불포화지방산의 산화를 억제함으로써 대기오염으로부터 폐점막을 보호해주며 상처나 손상된 피부의 완화에 도움을 줍니다. 태양의 자외선을 차단하여 피부를 보호해주는 역할도 합니다. 각종 질환 치료시, 사용 전/후 붉은반점, 부어오름, 가려움증 등의 피부이상, 허약체질, 약 복용중, 생후 6주 미만, 노령 또는 임신 및 출산의 경우 수의사와 상담 후 지시에 따라 사용하세요. 눈에 들어가지 않도록 주의하며, 만약 눈에 들어갔을 경우에는 맑은 물로 씻어내십시오. 건조 시 드라이어를 한곳에 집중적으로 사용하지 마세요. 건조증, 화상의 원인이 됩니다. 샴푸 전에 엉킨 털을 풀어주세요. 미온수로 모발을 충분히 적신 후에 본체 적당량을 바르고 마사지하듯 비벼 거품을 내세요. 샴푸 후에는 미지근한 물로 충분히 헹구어 주십시오. 사용 후 충분히 헹구지 않으면 피부병의 원인이 될 수도 있습니다. 본 상품에는 CMIT (메칠클로로이소치아졸리논), MIT (메칠이소치아졸리논) 성분이 총 0.00058% 함유되었으며, 국내법규 허용 기준 함유량인 0.0015%를 초과하지 않습니다.",http://img.dogpre.com/web/dogpre/product/32/31505_detail_3652.jpg
66,아일오브독스 민감용 이브닝 샴푸 NO.12 1L,"57,600원","아일오브독스 민감용 이브닝 샴푸 NO.12는 각질, 건조, 가려움 등 민감한 피부와 아토피 피부에 효과가 있는 제품입니다. 미니어쳐불테리어, 퍼그, 프렌치 불독 등 털이 짧고 피부가 노출되는 견종에 적합하며, 아토피 치료 후 사용할 수 있는 민감성 피부용 샴푸입니다. 아일오브독스는 최상급의 순수한 달맞이꽃 오일 원액과 로얄젤리를 사용하여 제조됩니다. 달맞이꽃 오일은 모유에만 들어있는 감마리놀렌산이 풍부하여 아토피, 알러지 등 면역계 질환을 예방하고 수분공급은 물론 피부를 보호하여 염증 및 트러블 완화에 도움을 줍니다. 로얄젤리는 자연에서 얻을 수 있는 가장 순수한 단백질로 재생을 촉진시키고 주요 비타민 및 미네랄이 풍부하게 함유되어 있습니다. 프라임로즈 바닐라 크림향으로, 뿌린 직후에는 후지사과, 멜론, 시트러스향으로 시작하여 뿌린 후 1시간은 자스민, 장미, 은방울꽃의 꽃향기를 지나 1시간 이후로는 바닐라크림, 샌달우드, 머스크향이 지속됩니다. 애견은 사람보다 약 200배 후각이 발달해 있어 향기에 예민하므로 강한 향기에 노출되면 불편해하고 심하면 건강에 위협을 받을 수 있습니다. 아일오브독스 제품은 이러한 특성을 고려하여 전문 향수 디자이너에 의뢰하여 애견의 후각에 영향을 주지 않으면서 은은한 향이 나도록 개발되었습니다. 원액을 10배 희석하여 5분 이상 충분히 마사지한 후 깨끗이 헹궈 주십시오. 연속하여 같은 양으로 한번 더 샴푸해 주시면 최상의 효과를 볼 수 있습니다. 제품 밑면에 있는 숫자 및 영문은 제조일자로 맨 앞에 숫자는 년, 두번째 영문은 월(A:1월, B:월 ~ L:12월), 세번째 숫자는 일자는 나타냅니다.",http://img.dogpre.com/web/dogpre/product/21/20799_detail_3440.jpg
67,램버트케이 2in1 오트밀 베이킹소다 컨디셔닝 샴푸 533ml,"10,500원","램버트케이 2 in 1 오트밀 베이킹소다 컨디셔닝 샴푸 533ml는 오트밀 베이킹소다 샴푸에 컨디셔너가 첨가되어 더욱 편리해졌습니다. 피모의 건강과 안정을 위한 천연 오트밀과 암앤해머 베이킹소다, 알로에베라 등의 첨가로 알러지를 예방에 도움을 주고, 풍부하고 은은한 향이 지속되도록 합니다. 수입상품 특성상 패키지 및 스티커가 이미지와 일부 다를수 있으나, 동일한 성분의 동일 제품이니 구매에 참고 부탁드립니다. 샴푸 전에 엉킨 털을 풀어주세요. 미온수로 모발을 충분히 적신 후에 본체 적당량을 바르고 마사지하듯 비벼 거품을 내세요. 샴푸 후에는 미지근한 물로 충분히 헹구어 주십시오. 사용 후 충분히 헹구지 않으면 피부병의 원인이 될 수도 있습니다. 현재 패키지 변경 되었으며, 빠른시일내에 이미지 교체예정입니다.",http://img.dogpre.com/web/dogpre/product/20/19426_detail_01982141.jpg
68,아일오브독스 헤비 컨디셔너 NO.51 250ml,"25,600원","아일오브독스 헤비 컨디셔너 NO.51은 고영양, 고보습 컨디셔너로 손상되고 건조한 털에 영양을 주는 제품입니다. 털이 짧거나 가늘어 축 쳐지는 애견과 말티즈, 요크셔테리어, 시츄, 코카스파니엘, 아프칸하운드, 골든리트리버, 그레이트피레니즈에게 적합하며, 털갈이 중이나 탈모로 털이 빠지거나 뭉치고 엉키는 모질, 알러지나 체취에 효과가 있습니다. 아일오브독스는 최상급의 순수한 달맞이꽃 오일 원액과 로얄젤리를 사용하여 제조됩니다. 달맞이꽃 오일은 모유에만 들어있는 감마리놀렌산이 풍부하여 아토피, 알러지 등 면역계 질환을 예방하고 수분공급은 물론 피부를 보호하여 염증 및 트러블 완화에 도움을 줍니다. 로얄젤리는 자연에서 얻을 수 있는 가장 순수한 단백질로 재생을 촉진시키고 주요 비타민 및 미네랄이 풍부하게 함유되어 있습니다. 사과나무 꿀향으로, 뿌린 직후에는 후지사과 등 상쾌한향으로 시작하여 뿌린 후 1시간은 쟈스민, 백합의 꽃향기를 내며 1시간 이후로는 꿀, 샌달우드, 머스크향이 지속됩니다. 샴푸 후 원액을 10배 희석하여 전신에 발라주며 마사지 해주시고 5~10분 후 헹궈주십시오. 컨디셔너는 샴푸와 시너지 효과를 내며 모질 및 피부를 관리해주어 건강한 털이 빠지는 것을 예방하고 털이 엉키지 않도록 방지해 줍니다. 본 제품은 스프레이나 펌프가 없으니 구매시 참고해 주십시오. 제품 밑면에 있는 숫자 및 영문은 제조일자로 맨 앞에 숫자는 년, 두번째 영문은 월(A:1월, B:월 ~ L:12월), 세번째 숫자는 일자는 나타냅니다.",http://img.dogpre.com/web/dogpre/product/19/18284_detail_01908626.jpg
69,아일오브독스 화이트 코트 샴푸 NO.16 250ml,"29,600원","아일오브독스 화이트 코트 샴푸 NO.16은 흰색 피모를 가진 견종에게 최상의 샴푸라고 소개되고 있을 만큼 효과가 탁월한 제품입니다. 눈이나 입 주위가 변색된 애견이나 민감성 피부 및 윤기가 필요한 견종인 말티즈, 비숑프리제, 화이트테리어 등에 적합하며, 염색제나 탈색제처럼 해롭거나 털을 건조하게 하지 않으므로 매일 사용하셔도 될 정도로 저자극성 제품입니다. 아일오브독스는 최상급의 순수한 달맞이꽃 오일 원액과 로얄젤리를 사용하여 제조됩니다. 달맞이꽃 오일은 모유에만 들어있는 감마리놀렌산이 풍부하여 아토피, 알러지 등 면역계 질환을 예방하고 수분공급은 물론 피부를 보호하여 염증 및 트러블 완화에 도움을 줍니다. 로얄젤리는 자연에서 얻을 수 있는 가장 순수한 단백질로 재생을 촉진시키고 주요 비타민 및 미네랄이 풍부하게 함유되어 있습니다. 몰디브 바닐라 크림향으로, 뿌린 직후에는 산딸기, 파인애들, 수박향으로 시작하여 뿌린 후 1시간은 쟈스민, 프레지아, 바다향의 달콤하고 시원한 향을 내며 1시간 이후로는 패츌리, 화이트머스크, 호박향이 지속됩니다. 애견은 사람보다 약 200배 후각이 발달해 있어 향기에 예민하므로 강한 향기에 노출되면 불편해하고 심하면 건강에 위협을 받을 수 있습니다. 아일오브독스 제품은 이러한 특성을 고려하여 전문 향수 디자이너에 의뢰하여 애견의 후각에 영향을 주지 않으면서 은은한 향이 나도록 개발되었습니다. 원액을 10배 희석하여 5분 이상 충분히 마사지한 후 깨끗이 헹궈 주십시오. 연속하여 같은 양으로 한번 더 샴푸해 주시면 최상의 효과를 볼 수 있습니다. 제품 밑면에 있는 숫자 및 영문은 제조일자로 맨 앞에 숫자는 년, 두번째 영문은 월(A:1월, B:월 ~ L:12월), 세번째 숫자는 일자는 나타냅니다.",http://img.dogpre.com/web/dogpre/product/19/18281_detail_01364707.jpg
